customer_id,customer_name,age,gender,city
1,neha,,male,unknown
2,meera,,female,mumbai
3,rohan,,male,nagpur
4,meera,,unknown,unknown
5,meera,,female,pune
6,priya,,male,unknown
7,meera,,male,thane
8,priya,,unknown,mumbai
9,meera,,female,nagpur
10,meera,,female,nagpur
11,priya,32,male,nashik
12,sai,,male,thane
13,pratik,,female,mumbai
14,unknown,,male,unknown
15,sai,31,unknown,nagpur
16,neha,,female,nagpur
17,priya,,male,unknown
18,pratik,,male,nagpur
19,meera,,male,nashik
20,priya,,female,mumbai
21,pratik,28,unknown,pune
22,sai,,male,nagpur
23,madhuri,43,unknown,mumbai
24,meera,,female,mumbai
25,sai,,male,pune
26,priya,,male,nagpur
27,meera,37,female,unknown
28,priya,,unknown,pune
29,pratik,,female,nagpur
30,priya,,female,nashik
31,meera,,male,thane
32,priya,,female,nashik
33,madhuri,,male,thane
34,rohan,,male,unknown
35,neha,24,male,nashik
36,meera,,male,nashik
37,meera,,unknown,nashik
38,pratik,,female,nagpur
39,rohan,,male,nagpur
40,akash,,female,nashik
41,priya,,female,nagpur
42,akash,,male,mumbai
43,madhuri,37,female,pune
44,meera,,unknown,nagpur
45,madhuri,,female,nashik
46,neha,,male,unknown
47,priya,,female,pune
48,madhuri,,male,nashik
49,madhuri,,male,thane
50,pratik,,male,nagpur
51,rohan,,female,pune
52,madhuri,,female,pune
53,neha,,male,nagpur
54,madhuri,,male,nashik
55,madhuri,,male,thane
56,neha,,male,nagpur
57,unknown,,female,nashik
58,madhuri,,female,unknown
59,priya,,male,pune
60,priya,21,female,nagpur
61,madhuri,36,female,nashik
62,akash,,male,thane
63,madhuri,46,male,pune
64,unknown,36,female,mumbai
65,meera,48,male,thane
66,madhuri,48,unknown,thane
67,unknown,,male,unknown
68,pratik,,male,nagpur
69,priya,,female,thane
70,akash,,male,nagpur
71,unknown,,male,nashik
72,unknown,,unknown,thane
73,sai,,unknown,pune
74,priya,,male,unknown
75,madhuri,,male,thane
76,madhuri,,male,thane
77,madhuri,,male,nashik
78,neha,,female,pune
79,meera,,female,pune
80,priya,,male,unknown
81,rohan,,male,thane
82,meera,,male,thane
83,akash,20,male,mumbai
84,priya,40,male,pune
85,rohan,46,female,nashik
86,pratik,,male,nagpur
87,unknown,,female,pune
88,sai,,female,pune
89,priya,43,female,pune
90,priya,,female,mumbai
91,meera,54,female,nagpur
92,pratik,47,female,pune
93,unknown,56,female,pune
94,rohan,,male,mumbai
95,meera,,female,unknown
96,rohan,33,unknown,unknown
97,rohan,41,female,unknown
98,madhuri,,female,thane
99,priya,,male,nagpur
100,pratik,,male,mumbai
101,pratik,,female,unknown
102,priya,,female,nashik
103,rohan,,male,unknown
104,meera,,male,mumbai
105,unknown,32,male,nagpur
106,pratik,,male,nashik
107,priya,,female,nagpur
108,rohan,,female,nashik
109,neha,,female,pune
110,sai,33,unknown,mumbai
111,priya,,male,pune
112,neha,,male,mumbai
113,pratik,,unknown,mumbai
114,akash,,unknown,thane
115,meera,57,female,nagpur
116,pratik,31,male,unknown
117,madhuri,,male,mumbai
118,rohan,25,unknown,unknown
119,meera,49,male,nashik
120,sai,,unknown,nagpur
121,neha,,male,mumbai
122,rohan,28,female,nagpur
123,madhuri,,unknown,pune
124,neha,51,male,nashik
125,sai,,female,mumbai
126,sai,,female,nagpur
127,pratik,,male,pune
128,madhuri,23,female,nagpur
129,unknown,,female,pune
130,akash,28,male,unknown
131,akash,,unknown,thane
132,neha,55,unknown,nashik
133,madhuri,51,male,unknown
134,madhuri,,male,unknown
135,neha,31,male,nagpur
136,priya,,male,nashik
137,unknown,,male,mumbai
138,madhuri,39,unknown,unknown
139,unknown,,male,thane
140,rohan,,male,thane
141,neha,,male,nagpur
142,unknown,27,female,pune
143,neha,30,male,nagpur
144,madhuri,36,male,mumbai
145,unknown,,female,mumbai
146,neha,46,male,mumbai
147,rohan,22,female,nashik
148,madhuri,,female,mumbai
149,neha,,male,thane
150,neha,19,female,nagpur
151,sai,,female,unknown
152,madhuri,,female,unknown
153,akash,,female,unknown
154,neha,,male,thane
155,priya,,unknown,nashik
156,sai,33,female,nagpur
157,neha,,male,thane
158,pratik,31,female,nashik
159,priya,,female,mumbai
160,neha,43,female,pune
161,madhuri,21,female,pune
162,neha,,unknown,unknown
163,rohan,33,female,nagpur
164,priya,,unknown,mumbai
165,meera,41,male,nashik
166,pratik,,male,mumbai
167,pratik,,female,mumbai
168,rohan,,male,unknown
169,meera,,female,nashik
170,unknown,,female,mumbai
171,rohan,,unknown,nagpur
172,sai,,female,unknown
173,sai,,female,mumbai
174,meera,60,unknown,unknown
175,rohan,,female,pune
176,pratik,26,female,pune
177,priya,,female,nashik
178,meera,,female,thane
179,meera,,female,unknown
180,rohan,,female,nagpur
181,sai,,female,pune
182,pratik,,female,nashik
183,neha,,unknown,nashik
184,priya,,unknown,unknown
185,pratik,25,male,pune
186,priya,,unknown,unknown
187,neha,,female,thane
188,neha,55,male,nagpur
189,unknown,,male,pune
190,unknown,,unknown,mumbai
191,madhuri,,female,nagpur
192,sai,45,female,nagpur
193,pratik,,female,nashik
194,rohan,42,unknown,pune
195,akash,,male,pune
196,rohan,24,unknown,nashik
197,rohan,,male,mumbai
198,sai,,unknown,pune
199,pratik,,male,nashik
200,meera,,unknown,nagpur
201,pratik,,female,thane
202,sai,,male,thane
203,unknown,,male,nashik
204,meera,,female,thane
205,pratik,,male,nagpur
206,neha,50,unknown,mumbai
207,meera,26,female,nagpur
208,meera,,unknown,nashik
209,rohan,,male,unknown
210,rohan,,female,nashik
211,meera,34,male,unknown
212,madhuri,,female,nagpur
213,meera,,male,thane
214,unknown,,male,pune
215,rohan,,male,nagpur
216,unknown,,unknown,pune
217,pratik,27,female,pune
218,sai,,female,mumbai
219,rohan,,unknown,nashik
220,priya,,unknown,mumbai
221,rohan,37,male,thane
222,akash,40,male,pune
223,madhuri,,female,nashik
224,priya,,female,thane
225,pratik,,unknown,thane
226,rohan,29,male,nagpur
227,rohan,,female,mumbai
228,neha,,female,mumbai
229,madhuri,,female,nashik
230,pratik,,female,nagpur
231,neha,,male,mumbai
232,unknown,33,male,unknown
233,sai,51,male,nagpur
234,akash,,female,pune
235,sai,46,male,thane
236,akash,,female,nashik
237,madhuri,,female,thane
238,neha,18,female,nagpur
239,priya,,male,pune
240,pratik,,male,pune
241,madhuri,,male,pune
242,rohan,,female,nashik
243,unknown,,female,nagpur
244,rohan,,male,mumbai
245,sai,59,unknown,mumbai
246,akash,,unknown,nagpur
247,unknown,,male,mumbai
248,neha,,male,pune
249,unknown,,female,mumbai
250,unknown,,male,pune
251,madhuri,,female,mumbai
252,pratik,18,unknown,nagpur
253,neha,,male,nashik
254,priya,,female,nashik
255,pratik,,male,thane
256,rohan,42,female,nagpur
257,meera,32,male,mumbai
258,neha,49,female,mumbai
259,sai,,female,nashik
260,neha,,male,mumbai
261,madhuri,41,unknown,thane
262,unknown,,unknown,nashik
263,priya,26,female,mumbai
264,pratik,,female,nagpur
265,meera,,female,thane
266,pratik,,male,pune
267,rohan,,female,nagpur
268,unknown,,male,unknown
269,sai,,female,pune
270,madhuri,,female,mumbai
271,akash,,female,nashik
272,rohan,,female,pune
273,neha,20,male,nagpur
274,unknown,,unknown,thane
275,pratik,,female,unknown
276,sai,,male,unknown
277,pratik,,female,nagpur
278,neha,,male,nashik
279,sai,,female,thane
280,unknown,,male,mumbai
281,priya,,male,nashik
282,pratik,55,male,thane
283,meera,29,female,nagpur
284,sai,,male,unknown
285,neha,,female,nagpur
286,akash,18,female,unknown
287,unknown,,unknown,unknown
288,pratik,,female,pune
289,pratik,,female,pune
290,rohan,,female,nagpur
291,sai,,female,nashik
292,rohan,,female,mumbai
293,meera,,male,mumbai
294,pratik,,female,nashik
295,rohan,,male,unknown
296,unknown,,male,nashik
297,rohan,,male,nashik
298,sai,,female,nashik
299,meera,45,male,nagpur
300,madhuri,,female,nagpur
301,madhuri,,female,unknown
302,priya,,male,pune
303,neha,,male,unknown
304,unknown,,female,pune
305,unknown,,male,thane
306,madhuri,46,male,thane
307,rohan,55,unknown,nashik
308,neha,60,female,pune
309,sai,,female,unknown
310,madhuri,,female,thane
311,akash,51,male,nagpur
312,madhuri,,male,unknown
313,neha,,female,nashik
314,sai,,male,unknown
315,neha,48,unknown,unknown
316,pratik,,unknown,unknown
317,rohan,,female,unknown
318,meera,,male,mumbai
319,madhuri,,male,unknown
320,priya,,female,pune
321,pratik,,unknown,unknown
322,rohan,,female,nashik
323,sai,,female,nashik
324,unknown,33,male,unknown
325,madhuri,48,female,unknown
326,akash,45,unknown,unknown
327,madhuri,,male,nashik
328,akash,,female,nashik
329,madhuri,,female,unknown
330,pratik,,female,pune
331,priya,,male,unknown
332,akash,,female,nagpur
333,rohan,,male,pune
334,madhuri,,female,thane
335,madhuri,,male,mumbai
336,rohan,42,male,unknown
337,unknown,,unknown,thane
338,unknown,20,male,unknown
339,sai,,unknown,nashik
340,sai,,unknown,nagpur
341,unknown,22,male,pune
342,unknown,,unknown,thane
343,unknown,,male,mumbai
344,akash,25,male,unknown
345,madhuri,56,female,unknown
346,neha,,female,nagpur
347,unknown,,female,nagpur
348,sai,23,female,pune
349,madhuri,,male,nashik
350,meera,,male,nagpur
351,rohan,,female,nagpur
352,neha,,unknown,thane
353,sai,24,female,nashik
354,rohan,,male,unknown
355,rohan,,male,unknown
356,sai,,male,nagpur
357,rohan,50,male,thane
358,pratik,,unknown,nashik
359,unknown,51,female,mumbai
360,rohan,55,female,pune
361,sai,,unknown,thane
362,pratik,,male,nagpur
363,meera,,male,unknown
364,neha,,male,pune
365,rohan,,male,nashik
366,madhuri,21,female,pune
367,sai,,unknown,thane
368,rohan,,female,nashik
369,meera,,female,thane
370,rohan,,female,nagpur
371,meera,,unknown,pune
372,akash,58,female,nagpur
373,sai,,male,unknown
374,priya,,male,unknown
375,madhuri,,female,nashik
376,priya,,male,unknown
377,madhuri,33,male,mumbai
378,akash,,unknown,thane
379,madhuri,,female,nashik
380,meera,24,male,unknown
381,sai,53,male,pune
382,unknown,,unknown,pune
383,unknown,23,female,mumbai
384,priya,,male,nashik
385,meera,,male,nagpur
386,akash,,female,mumbai
387,sai,57,female,unknown
388,priya,,male,nashik
389,meera,,unknown,unknown
390,neha,,female,unknown
391,madhuri,26,female,unknown
392,akash,39,male,nagpur
393,pratik,,male,mumbai
394,unknown,,male,mumbai
395,priya,,unknown,thane
396,akash,,female,thane
397,akash,,male,nagpur
398,pratik,,female,nashik
399,akash,,male,thane
400,sai,56,female,thane
401,madhuri,,female,nagpur
402,unknown,35,female,mumbai
403,neha,24,female,unknown
404,neha,22,female,pune
405,madhuri,,female,unknown
406,unknown,49,male,nagpur
407,akash,,female,nagpur
408,meera,,unknown,nashik
409,madhuri,,male,thane
410,unknown,,female,unknown
411,meera,,female,pune
412,sai,,unknown,unknown
413,pratik,,male,mumbai
414,madhuri,,unknown,nashik
415,madhuri,,female,pune
416,akash,,female,thane
417,sai,,unknown,nashik
418,sai,,unknown,thane
419,pratik,52,female,nashik
420,meera,,male,pune
421,neha,,female,pune
422,pratik,,male,unknown
423,akash,,female,nagpur
424,neha,,unknown,nashik
425,neha,,unknown,nagpur
426,pratik,,unknown,pune
427,pratik,22,unknown,unknown
428,madhuri,44,male,mumbai
429,neha,,unknown,nagpur
430,pratik,44,unknown,nashik
431,akash,,female,unknown
432,madhuri,,male,mumbai
433,madhuri,27,unknown,pune
434,rohan,,unknown,pune
435,pratik,54,female,unknown
436,priya,,unknown,thane
437,unknown,,male,mumbai
438,madhuri,,male,mumbai
439,neha,,female,unknown
440,unknown,33,male,unknown
441,unknown,38,female,nashik
442,priya,,female,nagpur
443,meera,,female,thane
444,rohan,,female,nagpur
445,meera,,male,thane
446,neha,32,male,thane
447,meera,,male,nashik
448,meera,56,unknown,nagpur
449,meera,,male,nagpur
450,sai,21,male,nashik
451,pratik,44,female,nagpur
452,unknown,,male,nagpur
453,neha,,male,nashik
454,madhuri,19,male,pune
455,sai,,male,nagpur
456,pratik,32,male,nagpur
457,unknown,,female,thane
458,neha,23,female,thane
459,sai,,female,pune
460,neha,,male,mumbai
461,madhuri,,male,nashik
462,madhuri,22,female,mumbai
463,akash,,male,pune
464,madhuri,42,unknown,nagpur
465,unknown,,female,unknown
466,priya,,unknown,nashik
467,meera,,male,nagpur
468,rohan,,male,unknown
469,madhuri,,male,nagpur
470,akash,,female,mumbai
471,sai,,female,thane
472,rohan,,female,thane
473,akash,,male,mumbai
474,rohan,,male,nashik
475,neha,,unknown,nashik
476,unknown,,male,nashik
477,priya,,male,unknown
478,madhuri,,female,mumbai
479,unknown,39,female,thane
480,meera,21,female,nagpur
481,madhuri,,male,mumbai
482,madhuri,,male,mumbai
483,akash,,female,pune
484,priya,45,female,thane
485,pratik,,male,thane
486,neha,37,female,pune
487,rohan,52,female,nashik
488,madhuri,31,female,nagpur
489,meera,,male,nagpur
490,meera,,female,pune
491,meera,,male,pune
492,priya,,unknown,nashik
493,unknown,21,male,mumbai
494,priya,,female,nagpur
495,pratik,,male,nagpur
496,sai,30,male,thane
497,rohan,,male,nagpur
498,meera,,male,nashik
499,unknown,,unknown,thane
500,meera,,female,mumbai
501,madhuri,25,male,mumbai
502,rohan,,male,nashik
503,madhuri,,unknown,nagpur
504,pratik,,unknown,nashik
505,meera,,female,thane
506,priya,,female,nashik
507,meera,,female,unknown
508,neha,,male,nagpur
509,meera,,female,pune
510,rohan,,unknown,pune
511,rohan,,female,unknown
512,sai,,male,mumbai
513,priya,,unknown,pune
514,rohan,36,male,nashik
515,sai,,female,nagpur
516,sai,,male,pune
517,akash,,female,mumbai
518,pratik,,unknown,mumbai
519,madhuri,,female,pune
520,priya,54,male,nagpur
521,sai,,female,thane
522,sai,31,unknown,nashik
523,neha,,female,mumbai
524,unknown,50,unknown,nagpur
525,rohan,,female,unknown
526,sai,,unknown,pune
527,priya,,female,mumbai
528,sai,,female,unknown
529,priya,,unknown,mumbai
530,sai,20,female,pune
531,unknown,,female,thane
532,akash,,unknown,nashik
533,madhuri,20,male,thane
534,unknown,,male,mumbai
535,unknown,,female,nashik
536,priya,,female,nashik
537,unknown,,unknown,thane
538,priya,,male,nashik
539,pratik,37,male,nagpur
540,madhuri,,female,pune
541,meera,,male,nashik
542,madhuri,57,female,nashik
543,meera,,female,nagpur
544,akash,,unknown,pune
545,priya,,male,mumbai
546,madhuri,,female,thane
547,unknown,,male,mumbai
548,sai,,female,nashik
549,priya,,male,unknown
550,rohan,54,female,unknown
551,rohan,,unknown,mumbai
552,akash,49,male,unknown
553,meera,47,unknown,nashik
554,neha,23,unknown,nashik
555,sai,,male,nashik
556,sai,,unknown,thane
557,madhuri,,female,unknown
558,rohan,,male,nagpur
559,pratik,57,male,thane
560,rohan,,male,mumbai
561,unknown,54,female,thane
562,madhuri,,female,thane
563,sai,,male,unknown
564,madhuri,,female,unknown
565,meera,,male,unknown
566,rohan,,male,nagpur
567,pratik,45,female,nashik
568,madhuri,,unknown,mumbai
569,pratik,,male,pune
570,meera,18,female,unknown
571,priya,,male,unknown
572,rohan,20,male,pune
573,unknown,,male,pune
574,meera,,female,unknown
575,rohan,21,unknown,nashik
576,madhuri,,female,mumbai
577,pratik,,male,nashik
578,unknown,,unknown,thane
579,unknown,,female,thane
580,akash,33,male,thane
581,neha,,male,thane
582,pratik,49,male,mumbai
583,meera,,unknown,nashik
584,neha,,unknown,thane
585,akash,,male,pune
586,meera,,female,mumbai
587,priya,,male,thane
588,sai,,unknown,nashik
589,neha,47,male,pune
590,neha,,male,nagpur
591,madhuri,,male,pune
592,sai,18,male,nagpur
593,priya,,female,pune
594,madhuri,,female,mumbai
595,priya,,male,unknown
596,priya,40,female,unknown
597,neha,,male,mumbai
598,neha,,female,nagpur
599,sai,,unknown,nashik
600,priya,,male,nashik
601,madhuri,41,female,thane
602,unknown,,female,nagpur
603,pratik,,female,pune
604,neha,,female,thane
605,meera,,unknown,unknown
606,akash,41,female,nashik
607,meera,,unknown,nagpur
608,pratik,27,female,mumbai
609,akash,,female,unknown
610,akash,34,female,thane
611,neha,,unknown,thane
612,sai,,male,unknown
613,unknown,,unknown,pune
614,neha,,male,mumbai
615,akash,,unknown,nashik
616,priya,,male,nashik
617,neha,,male,nashik
618,pratik,27,male,nashik
619,meera,,male,mumbai
620,sai,,male,thane
621,neha,,male,unknown
622,akash,,male,unknown
623,meera,,male,thane
624,meera,,female,nagpur
625,sai,48,male,unknown
626,pratik,,male,nashik
627,madhuri,,male,unknown
628,unknown,,female,mumbai
629,sai,,female,thane
630,rohan,,female,mumbai
631,rohan,,male,unknown
632,sai,,unknown,nashik
633,akash,,male,pune
634,madhuri,,female,thane
635,neha,,female,unknown
636,priya,,female,nagpur
637,akash,56,female,thane
638,pratik,50,female,nagpur
639,sai,34,female,nagpur
640,akash,,female,unknown
641,madhuri,28,female,nashik
642,unknown,25,male,mumbai
643,neha,41,male,nashik
644,meera,,male,nashik
645,sai,30,male,mumbai
646,rohan,,unknown,nagpur
647,neha,,female,nagpur
648,sai,,unknown,unknown
649,sai,,unknown,nashik
650,priya,,male,pune
651,meera,43,female,thane
652,pratik,,female,thane
653,neha,,male,mumbai
654,neha,,male,nashik
655,sai,,female,nashik
656,akash,,female,nagpur
657,sai,,unknown,mumbai
658,madhuri,,female,unknown
659,meera,,female,thane
660,neha,,female,pune
661,rohan,,unknown,nashik
662,priya,,unknown,thane
663,priya,,unknown,pune
664,madhuri,,male,nashik
665,neha,,female,nagpur
666,madhuri,,male,nagpur
667,meera,,male,thane
668,akash,22,male,nashik
669,pratik,,unknown,pune
670,unknown,52,unknown,pune
671,neha,,female,nashik
672,pratik,,male,thane
673,akash,47,female,thane
674,meera,,female,mumbai
675,pratik,60,male,nagpur
676,pratik,,female,pune
677,unknown,,male,mumbai
678,meera,,male,pune
679,pratik,,female,mumbai
680,madhuri,,male,nagpur
681,unknown,,female,unknown
682,akash,,male,nagpur
683,meera,,male,nashik
684,pratik,,male,mumbai
685,meera,,female,thane
686,neha,,female,thane
687,pratik,,female,pune
688,meera,,female,nashik
689,unknown,30,male,pune
690,unknown,,female,mumbai
691,priya,50,male,pune
692,priya,57,female,mumbai
693,sai,43,female,nashik
694,pratik,,female,pune
695,rohan,,male,pune
696,pratik,28,male,pune
697,priya,,male,unknown
698,madhuri,,female,nashik
699,pratik,,male,thane
700,unknown,,male,pune
701,akash,,female,nashik
702,rohan,,female,pune
703,madhuri,,male,thane
704,akash,,female,nashik
705,priya,23,female,nagpur
706,akash,43,male,thane
707,madhuri,59,male,pune
708,akash,,female,mumbai
709,pratik,,unknown,mumbai
710,rohan,,male,thane
711,sai,,male,thane
712,unknown,,unknown,pune
713,akash,,female,thane
714,priya,,male,pune
715,meera,,male,pune
716,madhuri,,female,thane
717,madhuri,25,unknown,pune
718,akash,,unknown,nagpur
719,madhuri,,male,pune
720,rohan,,female,pune
721,pratik,,unknown,thane
722,madhuri,28,male,nagpur
723,meera,,female,mumbai
724,unknown,,female,pune
725,neha,,male,thane
726,priya,,male,nashik
727,akash,,unknown,mumbai
728,sai,,male,pune
729,madhuri,,male,thane
730,akash,,female,thane
731,sai,,male,mumbai
732,pratik,,unknown,thane
733,unknown,,male,nagpur
734,unknown,21,male,nashik
735,sai,,female,mumbai
736,rohan,,female,nashik
737,akash,,female,thane
738,meera,,unknown,nagpur
739,unknown,,male,nashik
740,neha,,female,unknown
741,madhuri,,male,unknown
742,pratik,44,female,unknown
743,unknown,,unknown,pune
744,madhuri,,female,nashik
745,neha,,female,unknown
746,akash,,female,nashik
747,akash,,female,mumbai
748,madhuri,,female,mumbai
749,madhuri,,female,mumbai
750,neha,,male,nashik
751,priya,,male,unknown
752,madhuri,,unknown,thane
753,akash,,male,mumbai
754,rohan,,male,thane
755,rohan,,female,pune
756,neha,,male,nagpur
757,sai,,male,nagpur
758,akash,19,male,nagpur
759,sai,,female,pune
760,meera,51,male,thane
761,akash,,male,nashik
762,unknown,,male,thane
763,pratik,,unknown,nashik
764,meera,22,unknown,thane
765,unknown,55,unknown,nashik
766,rohan,,female,nagpur
767,unknown,,female,nagpur
768,priya,,female,pune
769,neha,,female,thane
770,akash,50,unknown,unknown
771,pratik,,female,mumbai
772,sai,,female,nashik
773,priya,,female,pune
774,neha,25,unknown,mumbai
775,akash,40,unknown,nashik
776,pratik,,male,unknown
777,sai,50,unknown,nashik
778,neha,,unknown,unknown
779,sai,,female,pune
780,pratik,,unknown,unknown
781,neha,,male,mumbai
782,rohan,,female,pune
783,meera,,unknown,unknown
784,akash,,male,mumbai
785,priya,30,unknown,unknown
786,neha,,female,pune
787,rohan,50,female,thane
788,madhuri,,female,nashik
789,unknown,,male,thane
790,akash,38,male,nagpur
791,akash,33,female,thane
792,neha,,unknown,nashik
793,madhuri,50,female,pune
794,madhuri,,unknown,thane
795,rohan,,male,mumbai
796,meera,,female,mumbai
797,rohan,,female,thane
798,sai,26,male,unknown
799,rohan,,male,unknown
800,akash,,male,nagpur
801,akash,,male,thane
802,neha,,female,unknown
803,akash,,male,thane
804,unknown,48,male,nashik
805,madhuri,,male,unknown
806,sai,,male,nagpur
807,unknown,23,unknown,thane
808,neha,42,male,nagpur
809,unknown,,male,thane
810,akash,,female,mumbai
811,pratik,35,male,mumbai
812,madhuri,50,male,nagpur
813,meera,,male,pune
814,rohan,,male,unknown
815,unknown,32,female,nagpur
816,priya,40,female,nashik
817,neha,,female,mumbai
818,priya,46,female,nagpur
819,neha,,male,nagpur
820,unknown,,male,nagpur
821,unknown,,female,nashik
822,priya,,unknown,unknown
823,sai,39,unknown,nagpur
824,pratik,30,female,nashik
825,meera,,male,nagpur
826,priya,,male,pune
827,neha,43,male,nashik
828,priya,,unknown,unknown
829,unknown,,female,nagpur
830,meera,,male,nagpur
831,meera,53,male,unknown
832,rohan,,unknown,unknown
833,priya,,female,mumbai
834,rohan,,female,nashik
835,madhuri,,female,nagpur
836,meera,43,male,nagpur
837,madhuri,32,female,nagpur
838,unknown,,male,pune
839,priya,60,unknown,mumbai
840,rohan,,female,mumbai
841,madhuri,23,unknown,mumbai
842,neha,35,male,unknown
843,pratik,,female,nashik
844,priya,19,female,nagpur
845,akash,,male,pune
846,unknown,,male,nagpur
847,akash,,female,nashik
848,unknown,46,male,pune
849,akash,,female,nashik
850,sai,,male,unknown
851,akash,,female,nashik
852,priya,,female,thane
853,meera,,female,pune
854,neha,,male,mumbai
855,meera,,male,mumbai
856,akash,,female,thane
857,pratik,,male,unknown
858,unknown,,female,thane
859,akash,,male,nagpur
860,priya,,female,mumbai
861,akash,,unknown,nagpur
862,pratik,,female,pune
863,neha,,female,unknown
864,priya,,female,thane
865,neha,,female,unknown
866,priya,,male,unknown
867,meera,,female,unknown
868,madhuri,,male,mumbai
869,meera,,male,mumbai
870,unknown,,female,nagpur
871,unknown,,male,nagpur
872,sai,,female,nashik
873,sai,,female,pune
874,akash,31,female,thane
875,sai,,female,pune
876,pratik,58,male,thane
877,unknown,38,male,unknown
878,meera,,female,nagpur
879,unknown,,female,nagpur
880,rohan,,female,nagpur
881,madhuri,59,male,mumbai
882,meera,40,female,nagpur
883,neha,,female,nagpur
884,rohan,,male,nashik
885,meera,,female,nashik
886,unknown,28,female,unknown
887,sai,,male,unknown
888,meera,,female,mumbai
889,pratik,,unknown,nashik
890,meera,,male,nashik
891,unknown,,male,mumbai
892,pratik,,male,nagpur
893,akash,,male,unknown
894,akash,,unknown,thane
895,akash,,male,nashik
896,madhuri,,male,nashik
897,unknown,,female,pune
898,neha,,unknown,pune
899,unknown,,male,nashik
900,rohan,,female,nagpur
901,priya,,unknown,unknown
902,sai,,male,nashik
903,rohan,36,male,thane
904,madhuri,,male,pune
905,unknown,,male,mumbai
906,neha,,unknown,nashik
907,neha,,unknown,mumbai
908,akash,54,male,mumbai
909,neha,,female,mumbai
910,meera,37,female,nagpur
911,madhuri,,unknown,unknown
912,unknown,41,female,pune
913,unknown,48,female,nagpur
914,akash,,male,unknown
915,unknown,,female,pune
916,rohan,54,female,nashik
917,pratik,50,male,thane
918,meera,,female,nashik
919,neha,18,female,thane
920,madhuri,58,unknown,nagpur
921,madhuri,34,male,nagpur
922,neha,,male,nagpur
923,madhuri,,female,thane
924,sai,,male,nashik
925,neha,55,male,mumbai
926,akash,,unknown,nagpur
927,sai,,unknown,mumbai
928,sai,45,male,pune
929,neha,,female,pune
930,priya,,female,unknown
931,meera,,female,nagpur
932,neha,,male,nagpur
933,pratik,18,female,nashik
934,unknown,,male,pune
935,rohan,,unknown,thane
936,neha,26,male,nashik
937,akash,26,unknown,unknown
938,rohan,,male,mumbai
939,madhuri,,male,pune
940,madhuri,,male,thane
941,rohan,47,female,pune
942,rohan,,male,unknown
943,sai,,female,mumbai
944,priya,19,female,unknown
945,neha,,female,pune
946,madhuri,,female,nagpur
947,unknown,55,male,unknown
948,meera,,female,unknown
949,priya,43,female,unknown
950,sai,,male,pune
951,priya,46,female,unknown
952,priya,,unknown,thane
953,sai,,female,nashik
954,rohan,58,male,unknown
955,sai,,male,nagpur
956,pratik,,female,thane
957,akash,,unknown,mumbai
958,sai,,unknown,nashik
959,meera,,female,unknown
960,pratik,55,unknown,mumbai
961,akash,40,male,nashik
962,unknown,,male,nagpur
963,pratik,25,unknown,unknown
964,neha,,female,nashik
965,madhuri,,female,nashik
966,unknown,56,male,nagpur
967,akash,,female,nagpur
968,pratik,,male,unknown
969,unknown,,female,nagpur
970,unknown,57,male,unknown
971,pratik,59,male,unknown
972,priya,,female,nagpur
973,rohan,,male,mumbai
974,unknown,,female,unknown
975,sai,,female,unknown
976,priya,,male,nagpur
977,unknown,,male,nagpur
978,neha,,unknown,nagpur
979,akash,,male,nagpur
980,akash,,unknown,pune
981,sai,,male,nashik
982,pratik,,male,pune
983,pratik,,male,unknown
984,meera,27,unknown,pune
985,priya,,female,pune
986,akash,,male,unknown
987,madhuri,,male,thane
988,priya,,male,nagpur
989,sai,,female,nashik
990,meera,,female,nashik
991,neha,,female,nashik
992,meera,,male,thane
993,sai,,female,mumbai
994,akash,,female,pune
995,unknown,,male,thane
996,priya,,female,nashik
997,unknown,,male,pune
998,pratik,,male,pune
999,madhuri,,female,thane
1000,rohan,,unknown,thane
1001,sai,,female,unknown
1002,meera,26,male,nashik
1003,priya,,female,thane
1004,sai,,unknown,pune
1005,priya,,unknown,mumbai
1006,meera,,female,mumbai
1007,neha,,male,pune
1008,priya,,male,unknown
1009,unknown,,male,nagpur
1010,madhuri,36,male,nagpur
1011,pratik,,female,nashik
1012,sai,58,unknown,mumbai
1013,sai,,female,pune
1014,meera,,female,pune
1015,pratik,,male,pune
1016,sai,,unknown,nashik
1017,madhuri,19,male,mumbai
1018,rohan,,male,thane
1019,madhuri,,male,thane
1020,unknown,59,female,pune
1021,neha,39,female,pune
1022,priya,27,male,nagpur
1023,meera,,male,thane
1024,priya,,unknown,nashik
1025,meera,,male,nashik
1026,rohan,,male,pune
1027,pratik,,female,nagpur
1028,meera,,female,nashik
1029,sai,,female,nashik
1030,madhuri,,unknown,nashik
1031,pratik,,unknown,nagpur
1032,sai,,male,thane
1033,sai,,male,unknown
1034,pratik,,male,unknown
1035,priya,,male,mumbai
1036,priya,,male,thane
1037,rohan,28,male,unknown
1038,sai,,unknown,mumbai
1039,akash,60,male,mumbai
1040,meera,,female,pune
1041,unknown,,female,mumbai
1042,akash,,male,pune
1043,rohan,,male,thane
1044,unknown,,male,thane
1045,unknown,,male,thane
1046,madhuri,,unknown,unknown
1047,madhuri,,male,pune
1048,pratik,27,male,thane
1049,neha,,female,pune
1050,pratik,,unknown,nashik
1051,meera,,unknown,mumbai
1052,akash,,female,mumbai
1053,priya,44,female,unknown
1054,unknown,60,male,pune
1055,unknown,,male,nashik
1056,sai,,male,nashik
1057,priya,,female,mumbai
1058,priya,,female,mumbai
1059,pratik,,female,nagpur
1060,meera,,female,nashik
1061,sai,,male,nashik
1062,meera,,male,nashik
1063,madhuri,,male,nashik
1064,sai,,female,unknown
1065,neha,,female,nagpur
1066,akash,,male,thane
1067,unknown,55,male,unknown
1068,rohan,,female,thane
1069,neha,,unknown,nashik
1070,sai,30,female,nagpur
1071,pratik,,male,unknown
1072,rohan,,male,pune
1073,unknown,,female,mumbai
1074,pratik,,female,unknown
1075,pratik,,female,mumbai
1076,madhuri,,female,thane
1077,priya,38,male,pune
1078,akash,,female,nashik
1079,akash,31,female,nagpur
1080,pratik,,unknown,nashik
1081,rohan,55,male,mumbai
1082,pratik,,female,nashik
1083,madhuri,44,female,pune
1084,neha,,male,nashik
1085,akash,21,male,mumbai
1086,akash,,male,mumbai
1087,sai,,male,pune
1088,priya,,male,mumbai
1089,priya,18,male,unknown
1090,akash,,male,mumbai
1091,priya,,female,unknown
1092,pratik,29,male,nashik
1093,akash,19,female,nashik
1094,akash,48,male,pune
1095,priya,44,female,thane
1096,akash,,female,mumbai
1097,priya,34,male,nashik
1098,madhuri,60,unknown,pune
1099,rohan,,female,thane
1100,sai,,unknown,nagpur
1101,neha,43,female,mumbai
1102,sai,,male,nashik
1103,akash,51,male,nashik
1104,neha,,male,nagpur
1105,sai,51,female,nashik
1106,unknown,,female,mumbai
1107,rohan,,female,unknown
1108,neha,,male,nashik
1109,akash,,male,mumbai
1110,neha,57,unknown,unknown
1111,rohan,,female,mumbai
1112,priya,22,male,nagpur
1113,pratik,,male,pune
1114,sai,,male,pune
1115,meera,34,female,nagpur
1116,unknown,,unknown,mumbai
1117,meera,32,male,thane
1118,rohan,,female,thane
1119,madhuri,,male,nashik
1120,meera,,unknown,nagpur
1121,pratik,,male,nagpur
1122,madhuri,56,unknown,unknown
1123,pratik,,unknown,thane
1124,madhuri,,male,mumbai
1125,akash,,male,nashik
1126,sai,,female,thane
1127,neha,,unknown,nashik
1128,pratik,,female,nagpur
1129,priya,34,male,pune
1130,meera,,female,nagpur
1131,priya,,male,thane
1132,sai,,unknown,nashik
1133,meera,,male,nashik
1134,neha,,female,pune
1135,madhuri,,female,nagpur
1136,unknown,50,male,nashik
1137,pratik,,female,nashik
1138,priya,,female,thane
1139,sai,,female,mumbai
1140,priya,,male,pune
1141,unknown,46,unknown,unknown
1142,priya,19,unknown,thane
1143,akash,60,male,pune
1144,madhuri,28,unknown,pune
1145,akash,,male,thane
1146,neha,,male,thane
1147,rohan,,female,pune
1148,rohan,,female,nagpur
1149,priya,26,female,nashik
1150,priya,25,female,thane
1151,neha,,male,mumbai
1152,neha,,male,mumbai
1153,pratik,56,female,pune
1154,akash,,male,pune
1155,neha,,male,thane
1156,unknown,,unknown,mumbai
1157,neha,,male,nagpur
1158,pratik,24,female,thane
1159,akash,,unknown,mumbai
1160,madhuri,,male,nagpur
1161,madhuri,,male,thane
1162,unknown,,female,nashik
1163,priya,,female,nashik
1164,priya,,female,unknown
1165,priya,21,female,nashik
1166,pratik,,female,mumbai
1167,madhuri,,unknown,nagpur
1168,rohan,,female,thane
1169,rohan,36,female,unknown
1170,madhuri,,male,pune
1171,sai,44,unknown,nashik
1172,neha,,female,mumbai
1173,priya,52,female,nashik
1174,pratik,38,female,unknown
1175,neha,,female,thane
1176,unknown,,female,mumbai
1177,pratik,,male,unknown
1178,pratik,,female,mumbai
1179,neha,,male,pune
1180,unknown,,male,unknown
1181,neha,,unknown,thane
1182,unknown,,male,mumbai
1183,madhuri,,male,mumbai
1184,priya,,male,thane
1185,unknown,21,unknown,thane
1186,madhuri,,unknown,nagpur
1187,rohan,46,male,pune
1188,rohan,48,female,mumbai
1189,sai,,male,thane
1190,meera,,male,pune
1191,akash,44,unknown,thane
1192,madhuri,,male,nagpur
1193,akash,,male,nagpur
1194,madhuri,,unknown,mumbai
1195,sai,36,male,nagpur
1196,rohan,,unknown,pune
1197,pratik,,male,thane
1198,priya,,male,unknown
1199,pratik,,male,nashik
1200,unknown,,female,thane
1201,pratik,23,female,pune
1202,pratik,,female,nagpur
1203,pratik,,female,unknown
1204,madhuri,,male,pune
1205,unknown,37,male,nashik
1206,priya,,unknown,pune
1207,sai,,female,unknown
1208,pratik,,unknown,thane
1209,meera,19,female,nagpur
1210,sai,37,unknown,nashik
1211,sai,,unknown,thane
1212,sai,,male,nashik
1213,priya,51,male,nashik
1214,madhuri,,unknown,pune
1215,meera,59,unknown,nagpur
1216,unknown,38,unknown,nashik
1217,sai,,male,nagpur
1218,rohan,,male,nagpur
1219,sai,,male,pune
1220,pratik,,unknown,thane
1221,priya,,female,nashik
1222,priya,,male,nashik
1223,priya,,male,pune
1224,madhuri,,unknown,thane
1225,rohan,,unknown,nagpur
1226,madhuri,,female,thane
1227,pratik,21,unknown,thane
1228,neha,44,female,nashik
1229,priya,,male,nashik
1230,unknown,,male,pune
1231,madhuri,,female,nagpur
1232,madhuri,40,unknown,pune
1233,meera,,female,pune
1234,meera,,unknown,nashik
1235,pratik,,unknown,thane
1236,meera,31,unknown,unknown
1237,sai,36,male,pune
1238,pratik,,male,unknown
1239,neha,,unknown,thane
1240,neha,45,male,nashik
1241,unknown,,male,mumbai
1242,meera,43,female,nashik
1243,pratik,48,male,thane
1244,unknown,,unknown,unknown
1245,madhuri,,female,nashik
1246,unknown,,female,mumbai
1247,neha,,female,nashik
1248,neha,,female,thane
1249,akash,,unknown,nagpur
1250,madhuri,,female,unknown
1251,akash,,male,unknown
1252,neha,55,female,nashik
1253,akash,48,female,thane
1254,meera,45,female,unknown
1255,unknown,,unknown,pune
1256,rohan,,male,mumbai
1257,rohan,,female,nagpur
1258,neha,,unknown,thane
1259,akash,,female,unknown
1260,madhuri,,unknown,nagpur
1261,neha,,male,nashik
1262,madhuri,,female,thane
1263,priya,57,female,thane
1264,neha,35,male,pune
1265,akash,,male,unknown
1266,sai,,female,pune
1267,akash,,unknown,pune
1268,pratik,,male,nashik
1269,pratik,21,male,nashik
1270,priya,,male,unknown
1271,priya,,male,pune
1272,madhuri,,male,unknown
1273,pratik,,unknown,unknown
1274,rohan,,female,mumbai
1275,neha,,male,unknown
1276,priya,,female,nashik
1277,pratik,20,male,pune
1278,neha,,female,thane
1279,unknown,,male,thane
1280,madhuri,,female,nashik
1281,neha,56,unknown,nashik
1282,unknown,,female,nagpur
1283,unknown,,female,nagpur
1284,sai,48,male,nashik
1285,unknown,,unknown,unknown
1286,sai,,unknown,pune
1287,akash,,male,thane
1288,neha,,unknown,thane
1289,akash,,female,thane
1290,priya,33,male,unknown
1291,akash,,female,thane
1292,sai,,male,thane
1293,priya,,female,nagpur
1294,meera,19,male,nagpur
1295,neha,48,female,mumbai
1296,rohan,,female,nashik
1297,neha,37,unknown,nagpur
1298,neha,54,female,mumbai
1299,priya,20,male,nagpur
1300,unknown,32,unknown,thane
1301,sai,19,female,pune
1302,akash,,female,thane
1303,unknown,50,female,unknown
1304,akash,,female,unknown
1305,pratik,,male,pune
1306,priya,,male,nashik
1307,unknown,20,female,unknown
1308,sai,,male,mumbai
1309,madhuri,45,male,thane
1310,akash,44,male,nagpur
1311,priya,,male,mumbai
1312,madhuri,39,unknown,unknown
1313,neha,51,female,nashik
1314,meera,,male,mumbai
1315,rohan,,male,nashik
1316,priya,36,male,nashik
1317,unknown,,female,thane
1318,priya,19,female,mumbai
1319,pratik,,female,nashik
1320,pratik,,female,mumbai
1321,sai,,male,unknown
1322,sai,,male,unknown
1323,neha,,female,mumbai
1324,sai,,male,unknown
1325,akash,,female,nagpur
1326,meera,,male,unknown
1327,meera,,unknown,thane
1328,neha,,male,nagpur
1329,pratik,,female,nagpur
1330,sai,,female,nagpur
1331,meera,,male,pune
1332,madhuri,,female,thane
1333,pratik,,male,mumbai
1334,unknown,,male,thane
1335,priya,21,female,nagpur
1336,pratik,,female,nashik
1337,neha,39,unknown,pune
1338,unknown,,unknown,nashik
1339,sai,,unknown,nashik
1340,sai,,unknown,nashik
1341,meera,,unknown,unknown
1342,unknown,26,female,nagpur
1343,pratik,,male,unknown
1344,unknown,,female,nashik
1345,akash,,male,mumbai
1346,madhuri,,unknown,nashik
1347,meera,,male,nashik
1348,priya,25,female,pune
1349,sai,,female,mumbai
1350,madhuri,42,female,thane
1351,priya,31,female,unknown
1352,unknown,,female,mumbai
1353,rohan,24,male,mumbai
1354,madhuri,19,male,mumbai
1355,pratik,,female,thane
1356,meera,,male,thane
1357,priya,,male,nagpur
1358,unknown,,unknown,mumbai
1359,neha,,female,nagpur
1360,rohan,,male,unknown
1361,neha,22,female,pune
1362,pratik,,male,nagpur
1363,pratik,,male,nashik
1364,sai,,male,nagpur
1365,akash,,male,thane
1366,akash,,male,nagpur
1367,meera,,male,thane
1368,unknown,,male,mumbai
1369,meera,,female,pune
1370,meera,36,unknown,thane
1371,rohan,,male,unknown
1372,sai,18,male,nashik
1373,rohan,31,male,thane
1374,unknown,55,female,pune
1375,neha,,male,mumbai
1376,sai,,female,pune
1377,akash,,female,thane
1378,neha,,female,nashik
1379,madhuri,,female,mumbai
1380,pratik,31,male,nashik
1381,madhuri,,male,thane
1382,priya,,female,mumbai
1383,madhuri,,male,nagpur
1384,akash,,unknown,thane
1385,pratik,,female,thane
1386,neha,,female,pune
1387,sai,,male,pune
1388,priya,,unknown,nagpur
1389,meera,,male,unknown
1390,unknown,,unknown,nashik
1391,sai,52,female,mumbai
1392,rohan,60,female,unknown
1393,neha,,male,nagpur
1394,neha,,male,thane
1395,meera,,female,mumbai
1396,pratik,,unknown,thane
1397,meera,,male,thane
1398,rohan,,male,nashik
1399,sai,,male,mumbai
1400,rohan,,unknown,mumbai
1401,unknown,,female,pune
1402,neha,,female,thane
1403,meera,,female,nashik
1404,rohan,,male,nagpur
1405,pratik,23,unknown,pune
1406,pratik,,female,pune
1407,sai,38,male,nagpur
1408,unknown,53,male,mumbai
1409,pratik,,unknown,thane
1410,rohan,54,male,thane
1411,pratik,,unknown,nashik
1412,sai,,male,pune
1413,meera,,unknown,nashik
1414,rohan,,male,mumbai
1415,unknown,,female,pune
1416,sai,,female,pune
1417,pratik,25,unknown,thane
1418,sai,,female,mumbai
1419,pratik,39,unknown,unknown
1420,pratik,,male,nashik
1421,unknown,,female,mumbai
1422,unknown,,unknown,nagpur
1423,pratik,,male,unknown
1424,priya,,unknown,nagpur
1425,sai,,female,unknown
1426,sai,,unknown,mumbai
1427,rohan,,female,mumbai
1428,pratik,,female,nagpur
1429,rohan,,female,nagpur
1430,akash,,female,thane
1431,priya,,female,mumbai
1432,rohan,46,female,unknown
1433,meera,,male,pune
1434,madhuri,,female,nagpur
1435,rohan,,male,mumbai
1436,rohan,33,female,nagpur
1437,akash,,male,mumbai
1438,priya,,unknown,thane
1439,pratik,,unknown,pune
1440,priya,,female,pune
1441,akash,54,unknown,thane
1442,sai,,female,unknown
1443,priya,,female,nagpur
1444,akash,,unknown,pune
1445,neha,,male,mumbai
1446,meera,24,male,mumbai
1447,neha,,unknown,unknown
1448,akash,38,female,nashik
1449,neha,,male,mumbai
1450,akash,,male,nashik
1451,sai,,female,pune
1452,pratik,,male,nashik
1453,rohan,,female,pune
1454,akash,,male,nagpur
1455,priya,,male,unknown
1456,unknown,,female,thane
1457,pratik,,female,nagpur
1458,pratik,,unknown,thane
1459,pratik,29,unknown,unknown
1460,akash,29,female,nagpur
1461,unknown,,male,nashik
1462,akash,54,female,thane
1463,sai,,male,pune
1464,neha,,male,mumbai
1465,madhuri,,male,nashik
1466,pratik,,male,pune
1467,akash,36,male,thane
1468,pratik,,female,thane
1469,priya,,female,nagpur
1470,sai,47,unknown,nashik
1471,unknown,32,male,mumbai
1472,neha,47,male,nagpur
1473,priya,,male,pune
1474,rohan,,unknown,nagpur
1475,neha,,female,pune
1476,rohan,,female,mumbai
1477,meera,51,male,thane
1478,pratik,,male,unknown
1479,sai,36,unknown,pune
1480,neha,,female,thane
1481,unknown,,male,unknown
1482,pratik,,female,nashik
1483,madhuri,19,male,mumbai
1484,neha,,female,unknown
1485,sai,36,female,nashik
1486,priya,,unknown,mumbai
1487,sai,,female,pune
1488,neha,28,female,unknown
1489,akash,,male,mumbai
1490,rohan,52,male,unknown
1491,sai,,female,nashik
1492,rohan,,unknown,unknown
1493,rohan,,male,thane
1494,pratik,24,unknown,nagpur
1495,unknown,,female,pune
1496,akash,,male,nashik
1497,akash,,female,nagpur
1498,meera,,female,pune
1499,rohan,,unknown,unknown
1500,meera,,female,unknown
1501,madhuri,,male,thane
1502,unknown,,female,pune
1503,pratik,50,female,nagpur
1504,akash,43,male,thane
1505,sai,,unknown,mumbai
1506,madhuri,,male,mumbai
1507,meera,,unknown,mumbai
1508,akash,39,male,unknown
1509,meera,37,male,nagpur
1510,meera,,female,unknown
1511,pratik,,female,nashik
1512,madhuri,,female,mumbai
1513,akash,,unknown,unknown
1514,pratik,28,male,nagpur
1515,sai,23,female,pune
1516,sai,,female,nashik
1517,meera,,unknown,mumbai
1518,akash,,male,mumbai
1519,pratik,,male,unknown
1520,pratik,,female,unknown
1521,meera,,unknown,pune
1522,pratik,,female,thane
1523,neha,26,female,pune
1524,meera,,male,pune
1525,akash,24,male,nagpur
1526,pratik,50,male,unknown
1527,meera,,female,pune
1528,pratik,46,female,mumbai
1529,meera,,female,nagpur
1530,madhuri,,female,nagpur
1531,neha,,male,nashik
1532,madhuri,,female,thane
1533,rohan,,male,unknown
1534,rohan,,female,unknown
1535,unknown,,female,nagpur
1536,priya,55,male,pune
1537,meera,,female,mumbai
1538,akash,,male,thane
1539,neha,,female,nagpur
1540,madhuri,,unknown,mumbai
1541,meera,,male,nagpur
1542,madhuri,,female,unknown
1543,akash,,female,unknown
1544,meera,19,male,thane
1545,unknown,41,female,nashik
1546,sai,,unknown,unknown
1547,meera,20,male,unknown
1548,neha,,female,pune
1549,sai,,female,mumbai
1550,rohan,,male,nashik
1551,priya,35,male,nashik
1552,meera,,unknown,mumbai
1553,akash,29,unknown,nagpur
1554,unknown,,female,nagpur
1555,pratik,,male,nagpur
1556,rohan,41,male,thane
1557,neha,,male,nashik
1558,madhuri,,female,nashik
1559,rohan,,unknown,thane
1560,pratik,,unknown,pune
1561,neha,,female,pune
1562,priya,,female,thane
1563,sai,,female,pune
1564,madhuri,,female,thane
1565,madhuri,,unknown,thane
1566,sai,,unknown,nashik
1567,madhuri,,male,unknown
1568,rohan,,unknown,thane
1569,rohan,,female,nagpur
1570,priya,29,male,pune
1571,akash,,male,nashik
1572,unknown,,female,mumbai
1573,neha,,male,unknown
1574,madhuri,,male,unknown
1575,priya,,unknown,nagpur
1576,unknown,,male,nashik
1577,akash,,female,nashik
1578,sai,,unknown,thane
1579,madhuri,,female,unknown
1580,pratik,35,male,mumbai
1581,sai,,male,nashik
1582,madhuri,,unknown,unknown
1583,meera,,male,thane
1584,sai,,male,nagpur
1585,rohan,,female,thane
1586,akash,22,male,unknown
1587,neha,,male,thane
1588,sai,,male,nashik
1589,neha,,male,mumbai
1590,meera,,female,pune
1591,akash,,unknown,mumbai
1592,pratik,45,male,unknown
1593,madhuri,56,female,unknown
1594,madhuri,,female,nashik
1595,neha,23,male,nashik
1596,unknown,,female,pune
1597,sai,48,unknown,unknown
1598,priya,,female,nagpur
1599,priya,44,unknown,mumbai
1600,meera,,female,unknown
1601,unknown,,male,unknown
1602,pratik,,unknown,pune
1603,rohan,,female,nagpur
1604,madhuri,,female,unknown
1605,meera,38,female,mumbai
1606,meera,,female,mumbai
1607,priya,,male,nashik
1608,priya,42,male,mumbai
1609,madhuri,,unknown,pune
1610,priya,,unknown,nashik
1611,meera,56,unknown,nagpur
1612,meera,,unknown,nashik
1613,priya,,female,thane
1614,sai,,female,mumbai
1615,sai,,male,nashik
1616,priya,,unknown,nagpur
1617,unknown,,female,pune
1618,akash,54,male,pune
1619,akash,51,unknown,nashik
1620,madhuri,,male,mumbai
1621,rohan,,female,thane
1622,meera,26,male,unknown
1623,pratik,,male,nashik
1624,madhuri,48,male,thane
1625,akash,,male,nashik
1626,unknown,,unknown,mumbai
1627,priya,,female,thane
1628,priya,,male,unknown
1629,neha,,female,thane
1630,madhuri,,unknown,unknown
1631,rohan,,male,thane
1632,akash,56,female,nagpur
1633,sai,,male,pune
1634,priya,,male,nashik
1635,akash,,female,nagpur
1636,neha,,male,nashik
1637,madhuri,,male,unknown
1638,rohan,,male,unknown
1639,unknown,,male,pune
1640,unknown,,unknown,unknown
1641,akash,,female,mumbai
1642,unknown,,female,thane
1643,pratik,43,female,nagpur
1644,meera,,female,nagpur
1645,madhuri,43,male,nagpur
1646,neha,,unknown,pune
1647,pratik,,female,mumbai
1648,unknown,,female,mumbai
1649,akash,,female,thane
1650,priya,41,male,pune
1651,meera,,male,mumbai
1652,priya,,unknown,nagpur
1653,rohan,,female,nagpur
1654,meera,,male,thane
1655,pratik,,male,nagpur
1656,priya,,female,nashik
1657,sai,,unknown,thane
1658,rohan,60,female,thane
1659,unknown,19,female,pune
1660,pratik,,unknown,nagpur
1661,pratik,34,male,thane
1662,akash,47,male,nashik
1663,neha,,male,mumbai
1664,meera,36,male,mumbai
1665,madhuri,,female,unknown
1666,unknown,,male,unknown
1667,priya,47,female,thane
1668,priya,,male,nashik
1669,sai,41,male,pune
1670,meera,,female,mumbai
1671,sai,,unknown,thane
1672,rohan,,unknown,nashik
1673,unknown,56,female,unknown
1674,meera,56,male,nashik
1675,madhuri,19,female,mumbai
1676,priya,,male,unknown
1677,rohan,,female,nagpur
1678,rohan,57,female,nagpur
1679,madhuri,,male,thane
1680,madhuri,,male,unknown
1681,akash,,male,nagpur
1682,rohan,38,male,pune
1683,neha,,male,nagpur
1684,meera,,male,thane
1685,rohan,,unknown,pune
1686,pratik,,male,nashik
1687,rohan,,unknown,pune
1688,priya,,female,unknown
1689,rohan,,female,nashik
1690,rohan,,male,thane
1691,akash,49,female,thane
1692,pratik,37,female,unknown
1693,rohan,44,male,thane
1694,madhuri,,male,nagpur
1695,neha,,female,pune
1696,pratik,,female,thane
1697,sai,,female,nagpur
1698,meera,,female,pune
1699,priya,,female,nagpur
1700,madhuri,,male,unknown
1701,unknown,,male,unknown
1702,pratik,,male,nashik
1703,neha,,male,nagpur
1704,unknown,,male,thane
1705,priya,30,male,unknown
1706,madhuri,,female,nashik
1707,neha,27,female,unknown
1708,pratik,,female,nashik
1709,pratik,,female,mumbai
1710,akash,43,female,nagpur
1711,madhuri,,male,unknown
1712,pratik,,female,nagpur
1713,pratik,,female,unknown
1714,pratik,,female,thane
1715,neha,,male,unknown
1716,neha,,male,pune
1717,madhuri,,male,thane
1718,rohan,,female,nagpur
1719,madhuri,,male,nashik
1720,priya,,female,mumbai
1721,neha,,male,unknown
1722,pratik,,female,nashik
1723,madhuri,,unknown,thane
1724,meera,,female,pune
1725,sai,23,unknown,pune
1726,unknown,,unknown,nashik
1727,priya,49,male,nagpur
1728,sai,,female,nashik
1729,rohan,33,male,nashik
1730,akash,,unknown,nagpur
1731,meera,,female,pune
1732,pratik,,female,nashik
1733,rohan,,male,thane
1734,madhuri,,male,thane
1735,pratik,51,female,unknown
1736,priya,,female,pune
1737,priya,,female,unknown
1738,priya,,male,nagpur
1739,unknown,,male,mumbai
1740,pratik,50,female,pune
1741,unknown,,male,nagpur
1742,sai,,male,mumbai
1743,pratik,,female,pune
1744,meera,,male,unknown
1745,sai,,female,nashik
1746,rohan,,female,unknown
1747,meera,,female,nagpur
1748,sai,,female,nashik
1749,madhuri,,male,thane
1750,priya,,female,nagpur
1751,sai,,male,pune
1752,priya,,male,unknown
1753,rohan,,unknown,nagpur
1754,sai,,female,pune
1755,rohan,,unknown,pune
1756,priya,32,unknown,nagpur
1757,akash,59,unknown,pune
1758,madhuri,,male,thane
1759,neha,,male,thane
1760,neha,,unknown,unknown
1761,rohan,41,male,nagpur
1762,unknown,25,male,thane
1763,priya,,female,nashik
1764,priya,,male,nashik
1765,meera,40,unknown,nashik
1766,unknown,,female,nagpur
1767,meera,,unknown,pune
1768,pratik,,male,nagpur
1769,sai,,unknown,mumbai
1770,meera,,male,mumbai
1771,madhuri,51,male,mumbai
1772,madhuri,,male,nashik
1773,akash,,unknown,pune
1774,neha,,unknown,mumbai
1775,akash,51,male,nagpur
1776,pratik,,male,thane
1777,rohan,,female,nagpur
1778,unknown,40,male,nagpur
1779,unknown,,female,nagpur
1780,rohan,30,unknown,nagpur
1781,madhuri,,unknown,nagpur
1782,meera,,male,pune
1783,rohan,,male,unknown
1784,meera,56,female,pune
1785,akash,,male,mumbai
1786,pratik,,unknown,mumbai
1787,unknown,,female,mumbai
1788,sai,,female,nagpur
1789,priya,25,male,nashik
1790,akash,,female,nagpur
1791,sai,,male,nashik
1792,meera,,male,nagpur
1793,madhuri,,male,pune
1794,priya,,male,mumbai
1795,priya,,female,nagpur
1796,neha,,female,mumbai
1797,unknown,48,unknown,nagpur
1798,meera,,unknown,unknown
1799,priya,,female,nashik
1800,priya,,male,pune
1801,sai,,male,nashik
1802,priya,,female,nagpur
1803,neha,51,female,mumbai
1804,rohan,,male,thane
1805,rohan,29,unknown,thane
1806,akash,31,unknown,nashik
1807,priya,41,unknown,thane
1808,priya,27,female,nashik
1809,madhuri,18,male,thane
1810,pratik,,male,nagpur
1811,pratik,,male,nagpur
1812,priya,,female,nashik
1813,sai,,male,mumbai
1814,madhuri,,female,mumbai
1815,unknown,,unknown,nashik
1816,unknown,,female,pune
1817,pratik,,male,thane
1818,sai,27,male,mumbai
1819,rohan,,male,pune
1820,unknown,,male,nashik
1821,akash,27,male,nashik
1822,madhuri,,male,nashik
1823,madhuri,53,male,thane
1824,unknown,,female,mumbai
1825,madhuri,,female,unknown
1826,rohan,,male,nagpur
1827,meera,,unknown,nagpur
1828,neha,,male,nashik
1829,madhuri,,female,unknown
1830,rohan,49,unknown,pune
1831,sai,31,female,nagpur
1832,madhuri,44,male,pune
1833,madhuri,45,unknown,thane
1834,pratik,52,female,unknown
1835,neha,51,female,nagpur
1836,unknown,46,female,mumbai
1837,madhuri,,female,pune
1838,unknown,,unknown,mumbai
1839,madhuri,,male,mumbai
1840,priya,,unknown,unknown
1841,pratik,,male,nashik
1842,priya,53,male,pune
1843,meera,26,female,nashik
1844,akash,,female,pune
1845,rohan,,male,thane
1846,rohan,,female,thane
1847,unknown,,female,unknown
1848,unknown,,male,mumbai
1849,neha,,unknown,mumbai
1850,akash,22,unknown,unknown
1851,priya,,male,thane
1852,rohan,,unknown,thane
1853,neha,,female,nashik
1854,pratik,,female,nashik
1855,pratik,56,male,unknown
1856,madhuri,58,female,mumbai
1857,neha,,male,thane
1858,sai,,male,pune
1859,meera,,female,nashik
1860,madhuri,,unknown,thane
1861,rohan,37,female,pune
1862,priya,,female,nashik
1863,rohan,30,male,nagpur
1864,akash,,female,thane
1865,rohan,,unknown,nagpur
1866,akash,,male,unknown
1867,madhuri,,male,mumbai
1868,neha,,male,nashik
1869,neha,,female,nagpur
1870,sai,,female,thane
1871,neha,,unknown,mumbai
1872,rohan,,male,pune
1873,unknown,,unknown,mumbai
1874,akash,,male,nashik
1875,akash,,female,pune
1876,unknown,,male,nashik
1877,madhuri,,male,thane
1878,pratik,50,male,nagpur
1879,meera,,male,pune
1880,sai,,male,pune
1881,rohan,,female,unknown
1882,unknown,41,unknown,thane
1883,akash,,male,pune
1884,neha,,male,nashik
1885,meera,,female,nashik
1886,meera,,female,nagpur
1887,priya,,unknown,pune
1888,meera,,female,nashik
1889,unknown,59,female,thane
1890,pratik,,unknown,nagpur
1891,unknown,,female,unknown
1892,sai,,female,nashik
1893,neha,,female,nagpur
1894,rohan,,male,nagpur
1895,rohan,46,unknown,unknown
1896,pratik,,unknown,nashik
1897,unknown,,female,pune
1898,akash,,male,nashik
1899,unknown,,unknown,nagpur
1900,meera,,male,thane
1901,neha,,male,nashik
1902,rohan,,unknown,pune
1903,rohan,,female,pune
1904,unknown,47,male,mumbai
1905,neha,,female,mumbai
1906,madhuri,,female,mumbai
1907,unknown,,male,mumbai
1908,pratik,,male,unknown
1909,unknown,,unknown,pune
1910,sai,,female,unknown
1911,madhuri,,male,pune
1912,madhuri,40,female,nashik
1913,unknown,,female,thane
1914,meera,,male,nagpur
1915,madhuri,,female,nagpur
1916,neha,,female,nashik
1917,neha,55,unknown,nagpur
1918,neha,,male,nagpur
1919,rohan,,unknown,nashik
1920,rohan,60,female,mumbai
1921,unknown,,male,nashik
1922,sai,41,male,mumbai
1923,pratik,,female,nagpur
1924,madhuri,,male,pune
1925,meera,,male,thane
1926,meera,,female,nashik
1927,rohan,,male,mumbai
1928,neha,35,female,thane
1929,meera,37,female,pune
1930,priya,,male,thane
1931,neha,55,male,thane
1932,priya,38,male,nashik
1933,neha,59,unknown,nashik
1934,akash,,male,mumbai
1935,akash,,female,nagpur
1936,madhuri,,female,nagpur
1937,neha,,female,mumbai
1938,priya,,female,unknown
1939,priya,22,female,thane
1940,unknown,,female,thane
1941,neha,,female,nashik
1942,akash,53,female,mumbai
1943,unknown,,male,thane
1944,meera,,female,nagpur
1945,sai,,male,thane
1946,priya,,unknown,unknown
1947,priya,,female,unknown
1948,akash,,female,unknown
1949,rohan,,female,mumbai
1950,madhuri,,male,thane
1951,akash,,unknown,thane
1952,akash,49,male,mumbai
1953,sai,,male,nashik
1954,rohan,33,male,mumbai
1955,pratik,,female,thane
1956,sai,,male,nagpur
1957,priya,40,female,unknown
1958,rohan,,male,nashik
1959,rohan,44,unknown,mumbai
1960,pratik,25,male,thane
1961,akash,26,female,mumbai
1962,rohan,,male,pune
1963,priya,,male,mumbai
1964,pratik,,male,nashik
1965,pratik,42,male,thane
1966,pratik,49,female,pune
1967,sai,,male,nagpur
1968,madhuri,39,male,pune
1969,madhuri,,male,pune
1970,rohan,60,unknown,nagpur
1971,meera,46,unknown,nagpur
1972,sai,,male,nagpur
1973,sai,,unknown,mumbai
1974,unknown,,male,nashik
1975,madhuri,,unknown,thane
1976,rohan,52,unknown,unknown
1977,neha,,male,mumbai
1978,unknown,,male,nagpur
1979,sai,,male,unknown
1980,sai,,unknown,nashik
1981,madhuri,,male,mumbai
1982,priya,,male,mumbai
1983,neha,,unknown,thane
1984,pratik,,male,unknown
1985,sai,23,male,unknown
1986,priya,,female,nagpur
1987,meera,,male,thane
1988,meera,,female,pune
1989,akash,,male,nashik
1990,pratik,,male,pune
1991,rohan,34,unknown,nashik
1992,meera,52,female,mumbai
1993,rohan,,male,thane
1994,sai,,unknown,pune
1995,madhuri,,female,nashik
1996,neha,,unknown,pune
1997,neha,,female,nagpur
1998,rohan,22,male,unknown
1999,akash,,male,mumbai
2000,sai,,male,mumbai
